Generation,Max_Fitness,Ave_Fitness,Min_Fitness
0,0,614.7195035392112,664.5106467424034,728.1303044265807
1,1,644.0879408714464,690.3929105140379,777.2533955846078
