Generation,Max_Fitness,Ave_Fitness,Min_Fitness
0,0,601.9262385337471,680.4303562806933,752.3830596867299
1,1,601.9262385337471,675.8572834471394,752.3830596867299
