Generation,Max_Fitness,Ave_Fitness,Min_Fitness
0,0,645.024453997527,693.0751613771386,752.3377829513307
1,1,645.024453997527,669.0871276484061,752.3377829513307
