Generation,Max_Fitness,Ave_Fitness,Min_Fitness
0,0,519.4959093663978,637.2495416211403,716.2496694386103
1,1,632.2833519386077,665.8568320722321,716.2496694386103
