Generation,Max_Fitness,Ave_Fitness,Min_Fitness
0,0,550.6869616352802,638.8064946546492,725.058328240128
1,1,564.5552000677568,610.7732316162335,645.4337478762104
