Generation,Max_Fitness,Ave_Fitness,Min_Fitness
0,0,599.3086388776699,675.8648753566275,758.1537592510136
