Generation,Max_Fitness,Ave_Fitness,Min_Fitness
0,0,569.4348796456349,659.0296574613357,738.8369876612717
1,1,581.5420912961347,630.0796878444983,738.8369876612717
