Generation,Max_Fitness,Ave_Fitness,Min_Fitness
0,0,569.1726717773392,645.0849975928561,776.2642923980657
1,1,580.8923615664913,659.7883977995352,776.2642923980657
