Generation,Max_Fitness,Ave_Fitness,Min_Fitness
0,0,470.45570395425494,653.3004167737921,752.563268009344
1,1,471.4056176808297,659.099735029164,752.563268009344
