Generation,Max_Fitness,Ave_Fitness,Min_Fitness
0,0,573.5999628012435,650.7071062247715,739.579318222038
1,1,566.8663491413721,653.9185127538493,739.579318222038
