Generation,Max_Fitness,Ave_Fitness,Min_Fitness
0,0,571.5915915673068,660.3897018646949,728.352068691219
1,1,643.7241061215099,688.176913320302,728.352068691219
