Generation,Max_Fitness,Ave_Fitness,Min_Fitness
0,0,563.8121324724765,641.3051699080054,725.8521954493547
