Generation,Max_Fitness,Ave_Fitness,Min_Fitness
0,0,503.0492511429148,647.0633185339168,754.4227485466931
1,1,503.0492511429148,647.0633185339168,754.4227485466931
