Generation,Max_Fitness,Ave_Fitness,Min_Fitness
0,0,570.6740758968615,643.034916196009,756.1899061857109
1,1,570.6740758968615,597.8686279797666,619.7558140052575
