Generation,Max_Fitness,Ave_Fitness,Min_Fitness
0,0,545.54268489328,625.9994216419864,790.3950432328306
1,1,545.54268489328,640.4331408003416,790.3950432328306
