Generation,Max_Fitness,Ave_Fitness,Min_Fitness
0,0,598.8382049808104,671.3931069783632,737.4028418484789
1,1,671.2791138637253,701.4266869000764,737.4028418484789
