Generation,Max_Fitness,Ave_Fitness,Min_Fitness
0,0,499.3969412574787,637.0692592291491,736.560410035409
