Generation,Max_Fitness,Ave_Fitness,Min_Fitness
0,0,562.1146016488202,653.1929732738115,787.788544657141
1,1,562.1146016488202,586.188348980477,611.5694658721194
