Generation,Max_Fitness,Ave_Fitness,Min_Fitness
0,0,549.1172804997092,676.8774941778233,767.634598183776
1,1,549.1172804997092,604.3655721021557,673.9262882021595
