Generation,Max_Fitness,Ave_Fitness,Min_Fitness
0,0,569.5155250212757,665.6301558115163,732.9870693907701
1,1,569.5155250212757,641.0373697484918,732.9870693907701
