Generation,Max_Fitness,Ave_Fitness,Min_Fitness
0,0,605.9919405227894,677.0123714971764,809.1352649090485
1,1,639.4419377612056,712.7467153825198,809.1352649090485
