Generation,Max_Fitness,Ave_Fitness,Min_Fitness
0,0,605.5509073276155,682.7885318368474,818.6378451495541
1,1,618.5400299227878,693.3734499047404,818.6378451495541
