Generation,Max_Fitness,Ave_Fitness,Min_Fitness
0,0,579.237725860329,667.4993128835979,756.9900997161202
1,1,575.2961214175806,673.7336259338897,756.9900997161202
