Generation,Max_Fitness,Ave_Fitness,Min_Fitness
0,0,586.2297494216982,686.4574079811746,778.4028798574959
1,1,657.4827196218241,682.9917844355948,725.254775015151
