Generation,Max_Fitness,Ave_Fitness,Min_Fitness
0,0,529.1275791883395,706.2257470713646,795.0935732030842
