Generation,Max_Fitness,Ave_Fitness,Min_Fitness
0,0,446.1743638859558,602.7015909024389,724.3747688063333
1,1,446.1743638859558,602.7015909024389,724.3747688063333
