Generation,Max_Fitness,Ave_Fitness,Min_Fitness
0,0,574.700903212055,669.9454710489623,756.2481570785931
1,1,580.6478225322069,675.6717692378443,756.2481570785931
