Generation,Max_Fitness,Ave_Fitness,Min_Fitness
0,0,583.3090207002906,686.8509055153535,772.4335512390902
1,1,583.3090207002906,644.2791557166175,688.3486746144895
