Generation,Max_Fitness,Ave_Fitness,Min_Fitness
0,0,546.5389327025022,680.6450442045222,813.4736672487413
1,1,546.5389327025022,644.9183701155395,813.4736672487413
