Generation,Max_Fitness,Ave_Fitness,Min_Fitness
0,0,545.2449936983321,658.2153634036772,708.4235904990337
1,1,571.7070845139367,682.1197278430831,714.4946031182556
