Generation,Max_Fitness,Ave_Fitness,Min_Fitness
0,0,562.4016300726228,624.2840412502012,725.8802370281098
