Generation,Max_Fitness,Ave_Fitness,Min_Fitness
0,0,534.2577094271442,668.2083934124955,761.9463478116209
1,1,534.2577094271442,630.8820777185254,761.9463478116209
