Generation,Max_Fitness,Ave_Fitness,Min_Fitness
0,0,515.6767931784543,643.7431023250131,779.8110130359751
1,1,623.3546248511433,669.2192999693928,779.8110130359751
