Generation,Max_Fitness,Ave_Fitness,Min_Fitness
0,0,531.0647596344568,651.005496854199,747.5907736388585
1,1,531.0647596344568,597.7146343598125,634.6067168955323
