Generation,Max_Fitness,Ave_Fitness,Min_Fitness
0,0,550.973210835374,648.4258819066941,743.3953429623812
