Generation,Max_Fitness,Ave_Fitness,Min_Fitness
0,0,548.5743340147726,655.8236526686215,786.7125665750265
1,1,548.5743340147726,570.5047564561394,645.8829808518351
