Generation,Max_Fitness,Ave_Fitness,Min_Fitness
0,0,476.22484226853226,661.5422466330671,819.7910750014859
1,1,476.22484226853226,619.1139240047987,710.8854120294623
