Generation,Max_Fitness,Ave_Fitness,Min_Fitness
0,0,567.4505645854379,645.1362091621805,722.7964493307962
1,1,567.4505645854379,584.0106401494807,644.3553068281126
