Generation,Max_Fitness,Ave_Fitness,Min_Fitness
0,0,604.426547076285,680.2427629662382,781.3129842944542
1,1,604.426547076285,620.6256630840896,673.807861371542
