Generation,Max_Fitness,Ave_Fitness,Min_Fitness
0,0,585.079884796568,678.301506019113,764.7006140041266
1,1,595.4245829639499,658.1367647559597,701.8091441969069
