Generation,Max_Fitness,Ave_Fitness,Min_Fitness
0,0,467.34674982917517,668.0104878769621,813.9783693512863
1,1,483.81614969093766,625.2999141244203,717.769992558974
