Generation,Max_Fitness,Ave_Fitness,Min_Fitness
0,0,525.0109021074811,662.9675330984959,785.6546384461041
1,1,534.6372427537111,613.0505175299306,724.6638334861495
