Generation,Max_Fitness,Ave_Fitness,Min_Fitness
0,0,484.51783669696687,656.7368159746209,799.0113684404834
1,1,484.51783669696687,609.8425567928891,702.8092102038605
