Generation,Max_Fitness,Ave_Fitness,Min_Fitness
0,0,503.7565858972085,658.6938387459331,794.01344610594
1,1,524.4582665477711,611.2789744405052,700.3807741114862
