Generation,Max_Fitness,Ave_Fitness,Min_Fitness
0,0,494.07604758324544,654.891269152527,759.4795381303616
1,1,523.6628778539856,613.3375023854121,705.7715773902142
