Generation,Max_Fitness,Ave_Fitness,Min_Fitness
0,0,508.1631235694191,662.4098037461346,795.7004471789598
1,1,508.1631235694191,622.3518814057196,722.4349549662409
