Generation,Max_Fitness,Ave_Fitness,Min_Fitness
0,0,472.64986912180797,661.9371543280188,785.2959965383793
1,1,502.7057387387526,606.2594328805321,707.6369036743944
