Generation,Max_Fitness,Ave_Fitness,Min_Fitness
0,0,473.85712221510875,664.1527418607049,791.1808316030457
1,1,473.85712221510875,587.4911838926685,717.5426729567907
