Generation,Max_Fitness,Ave_Fitness,Min_Fitness
0,0,530.0037658329439,652.5754508932711,782.8313375841265
1,1,542.6677459813986,602.6292190815324,700.2607377925259
