Generation,Max_Fitness,Ave_Fitness,Min_Fitness
0,0,456.24448105651135,659.7335614050985,798.3123186576945
1,1,456.24448105651135,609.1166193753139,666.7197803000745
2,2,456.24448105651135,579.3055405472876,673.1818028564113
