Generation,Max_Fitness,Ave_Fitness,Min_Fitness
0,0,526.0972780098177,644.0661458300484,755.3126698444431
1,1,526.0972780098177,564.8884872245428,648.0645542845857
