Generation,Max_Fitness,Ave_Fitness,Min_Fitness
0,0,525.6320940685819,675.6307830056912,756.5651203443331
1,1,525.6320940685819,611.1096551280075,738.3590638913653
