Generation,Max_Fitness,Ave_Fitness,Min_Fitness
0,0,552.9511951606097,668.2523173528491,756.4943695362621
1,1,552.9511951606097,580.2393612962059,665.4835696830154
