Generation,Max_Fitness,Ave_Fitness,Min_Fitness
0,0,632.8389050246652,687.8467665223009,734.0701334401991
1,1,610.2519476199686,688.200311225946,738.5576567069862
