Generation,Max_Fitness,Ave_Fitness,Min_Fitness
0,0,535.5918048956723,657.520155758143,711.2826330823203
1,1,535.5918048956723,580.6511805746889,672.1168334162082
