Generation,Max_Fitness,Ave_Fitness,Min_Fitness
0,0,623.68448294148,684.1622797895691,740.3225573485047
1,1,623.68448294148,631.6318709716745,679.1078116447627
