Generation,Max_Fitness,Ave_Fitness,Min_Fitness
0,0,574.0341820019149,647.1991283784171,764.1047039014212
1,1,571.4683505984484,586.2004810623673,635.6935974504498
