Generation,Max_Fitness,Ave_Fitness,Min_Fitness
0,0,612.55225402912,662.5914435935957,708.6247535503641
1,1,642.1869811499175,652.657598268069,679.6042246922216
