Generation,Max_Fitness,Ave_Fitness,Min_Fitness
0,0,523.0240088712817,639.6994887648192,733.3421702905216
1,1,523.0240088712817,566.0623053772277,623.7418666551305
