Generation,Max_Fitness,Ave_Fitness,Min_Fitness
0,0,626.7068453615417,661.8790659947701,711.2231274516847
1,1,629.0661999508552,638.1936886103805,691.685134075906
