Generation,Max_Fitness,Ave_Fitness,Min_Fitness
0,0,555.684669743383,652.3549650819402,702.4660337601781
1,1,555.684669743383,625.2084942157106,683.0423105660808
