Generation,Max_Fitness,Ave_Fitness,Min_Fitness
0,0,544.7097997623537,679.1640532517359,775.8545242286499
1,1,544.7097997623537,598.7243287097878,645.566069989716
