Generation,Max_Fitness,Ave_Fitness,Min_Fitness
0,0,598.4776853987133,633.3186607280531,683.6825124547458
1,1,609.8976654536556,631.8426483539668,667.0175444463185
