Generation,Max_Fitness,Ave_Fitness,Min_Fitness
0,0,593.6651576544082,655.3554292407373,733.6826011937222
1,1,593.6651576544082,597.6956860720792,633.9704418311186
