Generation,Max_Fitness,Ave_Fitness,Min_Fitness
0,0,623.9653031906535,675.7509394678966,778.7361999661689
1,1,623.9653031906535,635.4850791650921,661.5555618806234
