Generation,Max_Fitness,Ave_Fitness,Min_Fitness
0,0,615.9209875363656,664.3401185056968,714.8339706631922
1,1,620.4077906811762,640.0514742799338,671.0519179593094
