Generation,Max_Fitness,Ave_Fitness,Min_Fitness
0,0,570.7804814023914,637.0884902756743,711.9756411530273
1,1,570.7804814023914,585.3753160375023,635.6681879531773
