Generation,Max_Fitness,Ave_Fitness,Min_Fitness
0,0,607.5436433199365,668.6404032547595,755.8194149702061
1,1,607.5436433199365,620.5887655448671,672.4441026924712
