Generation,Max_Fitness,Ave_Fitness,Min_Fitness
0,0,566.5360375955388,652.0159628773251,749.8861010832298
1,1,566.5360375955388,593.8278408849003,641.2850077639466
