Generation,Max_Fitness,Ave_Fitness,Min_Fitness
0,0,576.5144704397343,665.3888251976908,765.9603377821577
1,1,576.5144704397343,633.5078974688275,671.3686433786494
