Generation,Max_Fitness,Ave_Fitness,Min_Fitness
0,0,569.3076553595533,640.9818019687366,731.9609917361132
1,1,569.3076553595533,586.7313316989066,617.174629101873
