Generation,Max_Fitness,Ave_Fitness,Min_Fitness
0,0,589.7146280677484,695.2509413382279,791.4468304467243
1,1,589.7146280677484,656.6375489284262,707.0384588942989
