Generation,Max_Fitness,Ave_Fitness,Min_Fitness
0,0,601.3152947198581,677.498839211273,748.0180219888096
1,1,601.3152947198581,637.3788057557994,678.5137084753186
