Generation,Max_Fitness,Ave_Fitness,Min_Fitness
0,0,570.3275569876021,656.5696818491803,754.701337939554
1,1,570.3275569876021,594.8721024097197,640.9142474569067
