Generation,Max_Fitness,Ave_Fitness,Min_Fitness
0,0,563.040029335002,643.8186409056814,717.488591612616
1,1,563.040029335002,584.3762378494546,625.6454889936925
