Generation,Max_Fitness,Ave_Fitness,Min_Fitness
0,0,532.385816599125,647.4443452325925,757.6829762302028
1,1,532.385816599125,581.773858867382,635.7050670352621
