Generation,Max_Fitness,Ave_Fitness,Min_Fitness
0,0,592.4656797019322,667.323316729677,761.0954653827235
1,1,640.508712134348,652.4719117001467,677.5757720123371
