Generation,Max_Fitness,Ave_Fitness,Min_Fitness
0,0,539.9726637920328,644.2960759713841,719.5685970751783
1,1,539.9726637920328,593.6253907702924,660.6355710706615
