Generation,Max_Fitness,Ave_Fitness,Min_Fitness
0,0,582.0164154834783,659.975303763804,765.676837392334
1,1,582.0164154834783,592.7949174904027,657.0947344861568
