Generation,Max_Fitness,Ave_Fitness,Min_Fitness
0,0,522.7778771316454,651.2553155523639,753.1324568709746
1,1,561.0090943604031,647.5153522399191,676.0443263537591
